,Country.Name,Country.Code,Indicator.Name,Indicator.Code,Year,CO2.Emission.PC
29,Austria,AUT,CO2 emissions (metric tons per capita),EN.ATM.CO2E.PC,2000,7.774259739
30,Belgium,BEL,CO2 emissions (metric tons per capita),EN.ATM.CO2E.PC,2000,11.2296677
31,Bulgaria,BGR,CO2 emissions (metric tons per capita),EN.ATM.CO2E.PC,2000,5.328034342
32,Cyprus,CYP,CO2 emissions (metric tons per capita),EN.ATM.CO2E.PC,2000,7.347326262
33,Czech Republic,CZE,CO2 emissions (metric tons per capita),EN.ATM.CO2E.PC,2000,12.07688904
34,Germany,DEU,CO2 emissions (metric tons per capita),EN.ATM.CO2E.PC,2000,10.09563988
35,Denmark,DNK,CO2 emissions (metric tons per capita),EN.ATM.CO2E.PC,2000,9.613175554
36,Spain,ESP,CO2 emissions (metric tons per capita),EN.ATM.CO2E.PC,2000,7.257824346
37,Estonia,EST,CO2 emissions (metric tons per capita),EN.ATM.CO2E.PC,2000,10.63625164
38,Finland,FIN,CO2 emissions (metric tons per capita),EN.ATM.CO2E.PC,2000,10.12847414
39,France,FRA,CO2 emissions (metric tons per capita),EN.ATM.CO2E.PC,2000,5.946665463
40,United Kingdom,GBR,CO2 emissions (metric tons per capita),EN.ATM.CO2E.PC,2000,9.199549233
41,Greece,GRC,CO2 emissions (metric tons per capita),EN.ATM.CO2E.PC,2000,8.47843382
42,Croatia,HRV,CO2 emissions (metric tons per capita),EN.ATM.CO2E.PC,2000,4.369579304
43,Hungary,HUN,CO2 emissions (metric tons per capita),EN.ATM.CO2E.PC,2000,5.467296695
44,Ireland,IRL,CO2 emissions (metric tons per capita),EN.ATM.CO2E.PC,2000,10.83474264
45,Italy,ITA,CO2 emissions (metric tons per capita),EN.ATM.CO2E.PC,2000,7.912673166
46,Lithuania,LTU,CO2 emissions (metric tons per capita),EN.ATM.CO2E.PC,2000,3.475729068
47,Luxembourg,LUX,CO2 emissions (metric tons per capita),EN.ATM.CO2E.PC,2000,18.88551226
48,Latvia,LVA,CO2 emissions (metric tons per capita),EN.ATM.CO2E.PC,2000,2.682622965
49,Malta,MLT,CO2 emissions (metric tons per capita),EN.ATM.CO2E.PC,2000,5.292462963
50,Netherlands,NLD,CO2 emissions (metric tons per capita),EN.ATM.CO2E.PC,2000,10.89472628
51,Poland,POL,CO2 emissions (metric tons per capita),EN.ATM.CO2E.PC,2000,7.822798329
52,Portugal,PRT,CO2 emissions (metric tons per capita),EN.ATM.CO2E.PC,2000,6.096403385
53,Romania,ROU,CO2 emissions (metric tons per capita),EN.ATM.CO2E.PC,2000,4.040518655
54,Slovak Republic,SVK,CO2 emissions (metric tons per capita),EN.ATM.CO2E.PC,2000,6.659329488
55,Slovenia,SVN,CO2 emissions (metric tons per capita),EN.ATM.CO2E.PC,2000,7.23840366
56,Sweden,SWE,CO2 emissions (metric tons per capita),EN.ATM.CO2E.PC,2000,5.562430083
57,Austria,AUT,CO2 emissions (metric tons per capita),EN.ATM.CO2E.PC,2001,8.192769898
58,Belgium,BEL,CO2 emissions (metric tons per capita),EN.ATM.CO2E.PC,2001,11.13371551
59,Bulgaria,BGR,CO2 emissions (metric tons per capita),EN.ATM.CO2E.PC,2001,5.800066474
60,Cyprus,CYP,CO2 emissions (metric tons per capita),EN.ATM.CO2E.PC,2001,7.129456764
61,Czech Republic,CZE,CO2 emissions (metric tons per capita),EN.ATM.CO2E.PC,2001,12.10978725
62,Germany,DEU,CO2 emissions (metric tons per capita),EN.ATM.CO2E.PC,2001,10.3662867
63,Denmark,DNK,CO2 emissions (metric tons per capita),EN.ATM.CO2E.PC,2001,9.875092348
64,Spain,ESP,CO2 emissions (metric tons per capita),EN.ATM.CO2E.PC,2001,7.290748328
65,Estonia,EST,CO2 emissions (metric tons per capita),EN.ATM.CO2E.PC,2001,11.21670899
66,Finland,FIN,CO2 emissions (metric tons per capita),EN.ATM.CO2E.PC,2001,10.9967421
67,France,FRA,CO2 emissions (metric tons per capita),EN.ATM.CO2E.PC,2001,6.153060599
68,United Kingdom,GBR,CO2 emissions (metric tons per capita),EN.ATM.CO2E.PC,2001,9.233174987
69,Greece,GRC,CO2 emissions (metric tons per capita),EN.ATM.CO2E.PC,2001,8.636014274
70,Croatia,HRV,CO2 emissions (metric tons per capita),EN.ATM.CO2E.PC,2001,4.593660811
71,Hungary,HUN,CO2 emissions (metric tons per capita),EN.ATM.CO2E.PC,2001,5.592875675
72,Ireland,IRL,CO2 emissions (metric tons per capita),EN.ATM.CO2E.PC,2001,11.38823116
73,Italy,ITA,CO2 emissions (metric tons per capita),EN.ATM.CO2E.PC,2001,7.904432663
74,Lithuania,LTU,CO2 emissions (metric tons per capita),EN.ATM.CO2E.PC,2001,3.712622788
75,Luxembourg,LUX,CO2 emissions (metric tons per capita),EN.ATM.CO2E.PC,2001,19.93273314
76,Latvia,LVA,CO2 emissions (metric tons per capita),EN.ATM.CO2E.PC,2001,2.988928918
77,Malta,MLT,CO2 emissions (metric tons per capita),EN.ATM.CO2E.PC,2001,6.325824114
78,Netherlands,NLD,CO2 emissions (metric tons per capita),EN.ATM.CO2E.PC,2001,11.01778766
79,Poland,POL,CO2 emissions (metric tons per capita),EN.ATM.CO2E.PC,2001,7.877112224
80,Portugal,PRT,CO2 emissions (metric tons per capita),EN.ATM.CO2E.PC,2001,6.056037979
81,Romania,ROU,CO2 emissions (metric tons per capita),EN.ATM.CO2E.PC,2001,4.366207979
82,Slovak Republic,SVK,CO2 emissions (metric tons per capita),EN.ATM.CO2E.PC,2001,7.317137791
83,Slovenia,SVN,CO2 emissions (metric tons per capita),EN.ATM.CO2E.PC,2001,7.611741112
84,Sweden,SWE,CO2 emissions (metric tons per capita),EN.ATM.CO2E.PC,2001,5.747026066
85,Austria,AUT,CO2 emissions (metric tons per capita),EN.ATM.CO2E.PC,2002,8.299115796
86,Belgium,BEL,CO2 emissions (metric tons per capita),EN.ATM.CO2E.PC,2002,10.3854951
87,Bulgaria,BGR,CO2 emissions (metric tons per capita),EN.ATM.CO2E.PC,2002,5.695266947
88,Cyprus,CYP,CO2 emissions (metric tons per capita),EN.ATM.CO2E.PC,2002,7.187870407
89,Czech Republic,CZE,CO2 emissions (metric tons per capita),EN.ATM.CO2E.PC,2002,11.7437029
90,Germany,DEU,CO2 emissions (metric tons per capita),EN.ATM.CO2E.PC,2002,10.0586725
91,Denmark,DNK,CO2 emissions (metric tons per capita),EN.ATM.CO2E.PC,2002,9.68193193
92,Spain,ESP,CO2 emissions (metric tons per capita),EN.ATM.CO2E.PC,2002,7.591280782
93,Estonia,EST,CO2 emissions (metric tons per capita),EN.ATM.CO2E.PC,2002,10.79350419
94,Finland,FIN,CO2 emissions (metric tons per capita),EN.ATM.CO2E.PC,2002,11.86067583
95,France,FRA,CO2 emissions (metric tons per capita),EN.ATM.CO2E.PC,2002,6.068664472
96,United Kingdom,GBR,CO2 emissions (metric tons per capita),EN.ATM.CO2E.PC,2002,8.904123108
97,Greece,GRC,CO2 emissions (metric tons per capita),EN.ATM.CO2E.PC,2002,8.591970187
98,Croatia,HRV,CO2 emissions (metric tons per capita),EN.ATM.CO2E.PC,2002,4.836475676
99,Hungary,HUN,CO2 emissions (metric tons per capita),EN.ATM.CO2E.PC,2002,5.518941473
100,Ireland,IRL,CO2 emissions (metric tons per capita),EN.ATM.CO2E.PC,2002,11.04125081
101,Italy,ITA,CO2 emissions (metric tons per capita),EN.ATM.CO2E.PC,2002,7.932323042
102,Lithuania,LTU,CO2 emissions (metric tons per capita),EN.ATM.CO2E.PC,2002,3.817099115
103,Luxembourg,LUX,CO2 emissions (metric tons per capita),EN.ATM.CO2E.PC,2002,21.1057455
104,Latvia,LVA,CO2 emissions (metric tons per capita),EN.ATM.CO2E.PC,2002,2.992111413
105,Malta,MLT,CO2 emissions (metric tons per capita),EN.ATM.CO2E.PC,2002,5.806537886
106,Netherlands,NLD,CO2 emissions (metric tons per capita),EN.ATM.CO2E.PC,2002,11.24924012
107,Poland,POL,CO2 emissions (metric tons per capita),EN.ATM.CO2E.PC,2002,7.712040984
108,Portugal,PRT,CO2 emissions (metric tons per capita),EN.ATM.CO2E.PC,2002,6.410086691
109,Romania,ROU,CO2 emissions (metric tons per capita),EN.ATM.CO2E.PC,2002,4.47471788
110,Slovak Republic,SVK,CO2 emissions (metric tons per capita),EN.ATM.CO2E.PC,2002,7.300020532
111,Slovenia,SVN,CO2 emissions (metric tons per capita),EN.ATM.CO2E.PC,2002,7.731011817
112,Sweden,SWE,CO2 emissions (metric tons per capita),EN.ATM.CO2E.PC,2002,6.434228598
113,Austria,AUT,CO2 emissions (metric tons per capita),EN.ATM.CO2E.PC,2003,8.889562334
114,Belgium,BEL,CO2 emissions (metric tons per capita),EN.ATM.CO2E.PC,2003,10.88211417
115,Bulgaria,BGR,CO2 emissions (metric tons per capita),EN.ATM.CO2E.PC,2003,6.084370085
116,Cyprus,CYP,CO2 emissions (metric tons per capita),EN.ATM.CO2E.PC,2003,7.798570398
117,Czech Republic,CZE,CO2 emissions (metric tons per capita),EN.ATM.CO2E.PC,2003,11.97368903
118,Germany,DEU,CO2 emissions (metric tons per capita),EN.ATM.CO2E.PC,2003,9.969354525
119,Denmark,DNK,CO2 emissions (metric tons per capita),EN.ATM.CO2E.PC,2003,10.38827349
120,Spain,ESP,CO2 emissions (metric tons per capita),EN.ATM.CO2E.PC,2003,7.611166445
121,Estonia,EST,CO2 emissions (metric tons per capita),EN.ATM.CO2E.PC,2003,12.49335386
122,Finland,FIN,CO2 emissions (metric tons per capita),EN.ATM.CO2E.PC,2003,13.26109694
123,France,FRA,CO2 emissions (metric tons per capita),EN.ATM.CO2E.PC,2003,6.115998108
124,United Kingdom,GBR,CO2 emissions (metric tons per capita),EN.ATM.CO2E.PC,2003,9.053277839
125,Greece,GRC,CO2 emissions (metric tons per capita),EN.ATM.CO2E.PC,2003,8.760745127
126,Croatia,HRV,CO2 emissions (metric tons per capita),EN.ATM.CO2E.PC,2003,5.176746847
127,Hungary,HUN,CO2 emissions (metric tons per capita),EN.ATM.CO2E.PC,2003,5.82981044
128,Ireland,IRL,CO2 emissions (metric tons per capita),EN.ATM.CO2E.PC,2003,10.6811767
129,Italy,ITA,CO2 emissions (metric tons per capita),EN.ATM.CO2E.PC,2003,8.17175128
130,Lithuania,LTU,CO2 emissions (metric tons per capita),EN.ATM.CO2E.PC,2003,3.754816757
131,Luxembourg,LUX,CO2 emissions (metric tons per capita),EN.ATM.CO2E.PC,2003,21.93071098
132,Latvia,LVA,CO2 emissions (metric tons per capita),EN.ATM.CO2E.PC,2003,3.221510038
133,Malta,MLT,CO2 emissions (metric tons per capita),EN.ATM.CO2E.PC,2003,6.476880542
134,Netherlands,NLD,CO2 emissions (metric tons per capita),EN.ATM.CO2E.PC,2003,11.22973834
135,Poland,POL,CO2 emissions (metric tons per capita),EN.ATM.CO2E.PC,2003,7.911421984
136,Portugal,PRT,CO2 emissions (metric tons per capita),EN.ATM.CO2E.PC,2003,5.853135645
137,Romania,ROU,CO2 emissions (metric tons per capita),EN.ATM.CO2E.PC,2003,4.684388286
138,Slovak Republic,SVK,CO2 emissions (metric tons per capita),EN.ATM.CO2E.PC,2003,7.349868072
139,Slovenia,SVN,CO2 emissions (metric tons per capita),EN.ATM.CO2E.PC,2003,7.772287175
140,Sweden,SWE,CO2 emissions (metric tons per capita),EN.ATM.CO2E.PC,2003,6.115194532
141,Austria,AUT,CO2 emissions (metric tons per capita),EN.ATM.CO2E.PC,2004,8.858363703
142,Belgium,BEL,CO2 emissions (metric tons per capita),EN.ATM.CO2E.PC,2004,10.66129022
143,Bulgaria,BGR,CO2 emissions (metric tons per capita),EN.ATM.CO2E.PC,2004,6.064891808
144,Cyprus,CYP,CO2 emissions (metric tons per capita),EN.ATM.CO2E.PC,2004,7.258439643
145,Czech Republic,CZE,CO2 emissions (metric tons per capita),EN.ATM.CO2E.PC,2004,11.4518445
146,Germany,DEU,CO2 emissions (metric tons per capita),EN.ATM.CO2E.PC,2004,9.898682369
147,Denmark,DNK,CO2 emissions (metric tons per capita),EN.ATM.CO2E.PC,2004,9.362701019
148,Spain,ESP,CO2 emissions (metric tons per capita),EN.ATM.CO2E.PC,2004,7.908050681
149,Estonia,EST,CO2 emissions (metric tons per capita),EN.ATM.CO2E.PC,2004,12.68399031
150,Finland,FIN,CO2 emissions (metric tons per capita),EN.ATM.CO2E.PC,2004,12.83267498
151,France,FRA,CO2 emissions (metric tons per capita),EN.ATM.CO2E.PC,2004,6.120078568
152,United Kingdom,GBR,CO2 emissions (metric tons per capita),EN.ATM.CO2E.PC,2004,8.989140127
153,Greece,GRC,CO2 emissions (metric tons per capita),EN.ATM.CO2E.PC,2004,8.867967195
154,Croatia,HRV,CO2 emissions (metric tons per capita),EN.ATM.CO2E.PC,2004,5.040782609
155,Hungary,HUN,CO2 emissions (metric tons per capita),EN.ATM.CO2E.PC,2004,5.684910755
156,Ireland,IRL,CO2 emissions (metric tons per capita),EN.ATM.CO2E.PC,2004,10.75163663
157,Italy,ITA,CO2 emissions (metric tons per capita),EN.ATM.CO2E.PC,2004,8.216487201
158,Lithuania,LTU,CO2 emissions (metric tons per capita),EN.ATM.CO2E.PC,2004,3.922093528
159,Luxembourg,LUX,CO2 emissions (metric tons per capita),EN.ATM.CO2E.PC,2004,24.5990264
160,Latvia,LVA,CO2 emissions (metric tons per capita),EN.ATM.CO2E.PC,2004,3.271442282
161,Malta,MLT,CO2 emissions (metric tons per capita),EN.ATM.CO2E.PC,2004,6.415248662
162,Netherlands,NLD,CO2 emissions (metric tons per capita),EN.ATM.CO2E.PC,2004,11.352269
163,Poland,POL,CO2 emissions (metric tons per capita),EN.ATM.CO2E.PC,2004,7.97271581
164,Portugal,PRT,CO2 emissions (metric tons per capita),EN.ATM.CO2E.PC,2004,6.02313785
165,Romania,ROU,CO2 emissions (metric tons per capita),EN.ATM.CO2E.PC,2004,4.517307494
166,Slovak Republic,SVK,CO2 emissions (metric tons per capita),EN.ATM.CO2E.PC,2004,7.212801455
167,Slovenia,SVN,CO2 emissions (metric tons per capita),EN.ATM.CO2E.PC,2004,7.884828934
168,Sweden,SWE,CO2 emissions (metric tons per capita),EN.ATM.CO2E.PC,2004,6.062241404
169,Austria,AUT,CO2 emissions (metric tons per capita),EN.ATM.CO2E.PC,2005,9.020169598
170,Belgium,BEL,CO2 emissions (metric tons per capita),EN.ATM.CO2E.PC,2005,10.35539299
171,Bulgaria,BGR,CO2 emissions (metric tons per capita),EN.ATM.CO2E.PC,2005,6.256282044
172,Cyprus,CYP,CO2 emissions (metric tons per capita),EN.ATM.CO2E.PC,2005,7.300757645
173,Czech Republic,CZE,CO2 emissions (metric tons per capita),EN.ATM.CO2E.PC,2005,11.76245004
174,Germany,DEU,CO2 emissions (metric tons per capita),EN.ATM.CO2E.PC,2005,9.666372234
175,Denmark,DNK,CO2 emissions (metric tons per capita),EN.ATM.CO2E.PC,2005,8.690076931
176,Spain,ESP,CO2 emissions (metric tons per capita),EN.ATM.CO2E.PC,2005,8.097058048
177,Estonia,EST,CO2 emissions (metric tons per capita),EN.ATM.CO2E.PC,2005,12.36701519
178,Finland,FIN,CO2 emissions (metric tons per capita),EN.ATM.CO2E.PC,2005,10.41643805
179,France,FRA,CO2 emissions (metric tons per capita),EN.ATM.CO2E.PC,2005,6.099598855
180,United Kingdom,GBR,CO2 emissions (metric tons per capita),EN.ATM.CO2E.PC,2005,8.982938536
181,Greece,GRC,CO2 emissions (metric tons per capita),EN.ATM.CO2E.PC,2005,8.980839448
182,Croatia,HRV,CO2 emissions (metric tons per capita),EN.ATM.CO2E.PC,2005,5.086084421
183,Hungary,HUN,CO2 emissions (metric tons per capita),EN.ATM.CO2E.PC,2005,5.751848927
184,Ireland,IRL,CO2 emissions (metric tons per capita),EN.ATM.CO2E.PC,2005,10.4661517
185,Italy,ITA,CO2 emissions (metric tons per capita),EN.ATM.CO2E.PC,2005,8.166090128
186,Lithuania,LTU,CO2 emissions (metric tons per capita),EN.ATM.CO2E.PC,2005,4.184042091
187,Luxembourg,LUX,CO2 emissions (metric tons per capita),EN.ATM.CO2E.PC,2005,24.82464668
188,Latvia,LVA,CO2 emissions (metric tons per capita),EN.ATM.CO2E.PC,2005,3.352846325
189,Malta,MLT,CO2 emissions (metric tons per capita),EN.ATM.CO2E.PC,2005,6.683221324
190,Netherlands,NLD,CO2 emissions (metric tons per capita),EN.ATM.CO2E.PC,2005,11.12017757
191,Poland,POL,CO2 emissions (metric tons per capita),EN.ATM.CO2E.PC,2005,7.927026686
192,Portugal,PRT,CO2 emissions (metric tons per capita),EN.ATM.CO2E.PC,2005,6.215165476
193,Romania,ROU,CO2 emissions (metric tons per capita),EN.ATM.CO2E.PC,2005,4.524305495
194,Slovak Republic,SVK,CO2 emissions (metric tons per capita),EN.ATM.CO2E.PC,2005,7.325390806
195,Slovenia,SVN,CO2 emissions (metric tons per capita),EN.ATM.CO2E.PC,2005,7.931674693
196,Sweden,SWE,CO2 emissions (metric tons per capita),EN.ATM.CO2E.PC,2005,5.710313512
197,Austria,AUT,CO2 emissions (metric tons per capita),EN.ATM.CO2E.PC,2006,8.727297872
198,Belgium,BEL,CO2 emissions (metric tons per capita),EN.ATM.CO2E.PC,2006,10.151039
199,Bulgaria,BGR,CO2 emissions (metric tons per capita),EN.ATM.CO2E.PC,2006,6.445333272
200,Cyprus,CYP,CO2 emissions (metric tons per capita),EN.ATM.CO2E.PC,2006,7.449680491
201,Czech Republic,CZE,CO2 emissions (metric tons per capita),EN.ATM.CO2E.PC,2006,11.92582928
202,Germany,DEU,CO2 emissions (metric tons per capita),EN.ATM.CO2E.PC,2006,9.911476012
203,Denmark,DNK,CO2 emissions (metric tons per capita),EN.ATM.CO2E.PC,2006,10.11291416
204,Spain,ESP,CO2 emissions (metric tons per capita),EN.ATM.CO2E.PC,2006,7.88419571
205,Estonia,EST,CO2 emissions (metric tons per capita),EN.ATM.CO2E.PC,2006,12.00996206
206,Finland,FIN,CO2 emissions (metric tons per capita),EN.ATM.CO2E.PC,2006,12.57063845
207,France,FRA,CO2 emissions (metric tons per capita),EN.ATM.CO2E.PC,2006,5.906266386
208,United Kingdom,GBR,CO2 emissions (metric tons per capita),EN.ATM.CO2E.PC,2006,8.89871022
209,Greece,GRC,CO2 emissions (metric tons per capita),EN.ATM.CO2E.PC,2006,8.827796219
210,Croatia,HRV,CO2 emissions (metric tons per capita),EN.ATM.CO2E.PC,2006,5.091679054
211,Hungary,HUN,CO2 emissions (metric tons per capita),EN.ATM.CO2E.PC,2006,5.698187039
212,Ireland,IRL,CO2 emissions (metric tons per capita),EN.ATM.CO2E.PC,2006,10.0993731
213,Italy,ITA,CO2 emissions (metric tons per capita),EN.ATM.CO2E.PC,2006,8.072145596
214,Lithuania,LTU,CO2 emissions (metric tons per capita),EN.ATM.CO2E.PC,2006,4.329871871
215,Luxembourg,LUX,CO2 emissions (metric tons per capita),EN.ATM.CO2E.PC,2006,24.01285765
216,Latvia,LVA,CO2 emissions (metric tons per capita),EN.ATM.CO2E.PC,2006,3.611860039
217,Malta,MLT,CO2 emissions (metric tons per capita),EN.ATM.CO2E.PC,2006,6.351303206
218,Netherlands,NLD,CO2 emissions (metric tons per capita),EN.ATM.CO2E.PC,2006,10.98971528
219,Poland,POL,CO2 emissions (metric tons per capita),EN.ATM.CO2E.PC,2006,8.362097463
220,Portugal,PRT,CO2 emissions (metric tons per capita),EN.ATM.CO2E.PC,2006,5.684705076
221,Romania,ROU,CO2 emissions (metric tons per capita),EN.ATM.CO2E.PC,2006,4.876469678
222,Slovak Republic,SVK,CO2 emissions (metric tons per capita),EN.ATM.CO2E.PC,2006,7.277962961
223,Slovenia,SVN,CO2 emissions (metric tons per capita),EN.ATM.CO2E.PC,2006,8.094608116
224,Sweden,SWE,CO2 emissions (metric tons per capita),EN.ATM.CO2E.PC,2006,5.459003216
225,Austria,AUT,CO2 emissions (metric tons per capita),EN.ATM.CO2E.PC,2007,8.406418936
226,Belgium,BEL,CO2 emissions (metric tons per capita),EN.ATM.CO2E.PC,2007,9.744777191
227,Bulgaria,BGR,CO2 emissions (metric tons per capita),EN.ATM.CO2E.PC,2007,6.925435282
228,Cyprus,CYP,CO2 emissions (metric tons per capita),EN.ATM.CO2E.PC,2007,7.704853381
229,Czech Republic,CZE,CO2 emissions (metric tons per capita),EN.ATM.CO2E.PC,2007,11.97251522
230,Germany,DEU,CO2 emissions (metric tons per capita),EN.ATM.CO2E.PC,2007,9.488039888
231,Denmark,DNK,CO2 emissions (metric tons per capita),EN.ATM.CO2E.PC,2007,9.20201511
232,Spain,ESP,CO2 emissions (metric tons per capita),EN.ATM.CO2E.PC,2007,7.920890716
233,Estonia,EST,CO2 emissions (metric tons per capita),EN.ATM.CO2E.PC,2007,13.95488409
234,Finland,FIN,CO2 emissions (metric tons per capita),EN.ATM.CO2E.PC,2007,12.09848186
235,France,FRA,CO2 emissions (metric tons per capita),EN.ATM.CO2E.PC,2007,5.76638517
236,United Kingdom,GBR,CO2 emissions (metric tons per capita),EN.ATM.CO2E.PC,2007,8.617163681
237,Greece,GRC,CO2 emissions (metric tons per capita),EN.ATM.CO2E.PC,2007,8.892293442
238,Croatia,HRV,CO2 emissions (metric tons per capita),EN.ATM.CO2E.PC,2007,5.371543282
239,Hungary,HUN,CO2 emissions (metric tons per capita),EN.ATM.CO2E.PC,2007,5.572459521
240,Ireland,IRL,CO2 emissions (metric tons per capita),EN.ATM.CO2E.PC,2007,10.14752888
241,Italy,ITA,CO2 emissions (metric tons per capita),EN.ATM.CO2E.PC,2007,7.917347216
242,Lithuania,LTU,CO2 emissions (metric tons per capita),EN.ATM.CO2E.PC,2007,4.693696086
243,Luxembourg,LUX,CO2 emissions (metric tons per capita),EN.ATM.CO2E.PC,2007,22.95728271
244,Latvia,LVA,CO2 emissions (metric tons per capita),EN.ATM.CO2E.PC,2007,3.779785259
245,Malta,MLT,CO2 emissions (metric tons per capita),EN.ATM.CO2E.PC,2007,6.698844917
246,Netherlands,NLD,CO2 emissions (metric tons per capita),EN.ATM.CO2E.PC,2007,10.78586295
247,Poland,POL,CO2 emissions (metric tons per capita),EN.ATM.CO2E.PC,2007,8.244183742
248,Portugal,PRT,CO2 emissions (metric tons per capita),EN.ATM.CO2E.PC,2007,5.705207852
249,Romania,ROU,CO2 emissions (metric tons per capita),EN.ATM.CO2E.PC,2007,4.895132266
250,Slovak Republic,SVK,CO2 emissions (metric tons per capita),EN.ATM.CO2E.PC,2007,6.843273815
251,Slovenia,SVN,CO2 emissions (metric tons per capita),EN.ATM.CO2E.PC,2007,8.049468764
252,Sweden,SWE,CO2 emissions (metric tons per capita),EN.ATM.CO2E.PC,2007,5.253521937
253,Austria,AUT,CO2 emissions (metric tons per capita),EN.ATM.CO2E.PC,2008,8.295095978
254,Belgium,BEL,CO2 emissions (metric tons per capita),EN.ATM.CO2E.PC,2008,9.751984809
255,Bulgaria,BGR,CO2 emissions (metric tons per capita),EN.ATM.CO2E.PC,2008,6.772087541
256,Cyprus,CYP,CO2 emissions (metric tons per capita),EN.ATM.CO2E.PC,2008,7.930294398
257,Czech Republic,CZE,CO2 emissions (metric tons per capita),EN.ATM.CO2E.PC,2008,11.23377283
258,Germany,DEU,CO2 emissions (metric tons per capita),EN.ATM.CO2E.PC,2008,9.506321178
259,Denmark,DNK,CO2 emissions (metric tons per capita),EN.ATM.CO2E.PC,2008,8.543351098
260,Spain,ESP,CO2 emissions (metric tons per capita),EN.ATM.CO2E.PC,2008,7.165531607
261,Estonia,EST,CO2 emissions (metric tons per capita),EN.ATM.CO2E.PC,2008,13.08183443
262,Finland,FIN,CO2 emissions (metric tons per capita),EN.ATM.CO2E.PC,2008,10.63715919
263,France,FRA,CO2 emissions (metric tons per capita),EN.ATM.CO2E.PC,2008,5.690501415
264,United Kingdom,GBR,CO2 emissions (metric tons per capita),EN.ATM.CO2E.PC,2008,8.424423983
265,Greece,GRC,CO2 emissions (metric tons per capita),EN.ATM.CO2E.PC,2008,8.662824281
266,Croatia,HRV,CO2 emissions (metric tons per capita),EN.ATM.CO2E.PC,2008,5.094677245
267,Hungary,HUN,CO2 emissions (metric tons per capita),EN.ATM.CO2E.PC,2008,5.463501182
268,Ireland,IRL,CO2 emissions (metric tons per capita),EN.ATM.CO2E.PC,2008,9.577641293
269,Italy,ITA,CO2 emissions (metric tons per capita),EN.ATM.CO2E.PC,2008,7.60176497
270,Lithuania,LTU,CO2 emissions (metric tons per capita),EN.ATM.CO2E.PC,2008,4.69291649
271,Luxembourg,LUX,CO2 emissions (metric tons per capita),EN.ATM.CO2E.PC,2008,22.38547222
272,Latvia,LVA,CO2 emissions (metric tons per capita),EN.ATM.CO2E.PC,2008,3.629405756
273,Malta,MLT,CO2 emissions (metric tons per capita),EN.ATM.CO2E.PC,2008,6.252313871
274,Netherlands,NLD,CO2 emissions (metric tons per capita),EN.ATM.CO2E.PC,2008,10.76402402
275,Poland,POL,CO2 emissions (metric tons per capita),EN.ATM.CO2E.PC,2008,8.258160054
276,Portugal,PRT,CO2 emissions (metric tons per capita),EN.ATM.CO2E.PC,2008,5.268402206
277,Romania,ROU,CO2 emissions (metric tons per capita),EN.ATM.CO2E.PC,2008,4.692067363
278,Slovak Republic,SVK,CO2 emissions (metric tons per capita),EN.ATM.CO2E.PC,2008,7.010558568
279,Slovenia,SVN,CO2 emissions (metric tons per capita),EN.ATM.CO2E.PC,2008,8.58644121
280,Sweden,SWE,CO2 emissions (metric tons per capita),EN.ATM.CO2E.PC,2008,5.328098275
281,Austria,AUT,CO2 emissions (metric tons per capita),EN.ATM.CO2E.PC,2009,7.518751102
282,Belgium,BEL,CO2 emissions (metric tons per capita),EN.ATM.CO2E.PC,2009,9.249615685
283,Bulgaria,BGR,CO2 emissions (metric tons per capita),EN.ATM.CO2E.PC,2009,5.731193724
284,Cyprus,CYP,CO2 emissions (metric tons per capita),EN.ATM.CO2E.PC,2009,7.386924038
285,Czech Republic,CZE,CO2 emissions (metric tons per capita),EN.ATM.CO2E.PC,2009,10.30832179
286,Germany,DEU,CO2 emissions (metric tons per capita),EN.ATM.CO2E.PC,2009,8.818595562
287,Denmark,DNK,CO2 emissions (metric tons per capita),EN.ATM.CO2E.PC,2009,8.058895601
288,Spain,ESP,CO2 emissions (metric tons per capita),EN.ATM.CO2E.PC,2009,6.216973378
289,Estonia,EST,CO2 emissions (metric tons per capita),EN.ATM.CO2E.PC,2009,10.91432018
290,Finland,FIN,CO2 emissions (metric tons per capita),EN.ATM.CO2E.PC,2009,9.955194272
291,France,FRA,CO2 emissions (metric tons per capita),EN.ATM.CO2E.PC,2009,5.438356727
292,United Kingdom,GBR,CO2 emissions (metric tons per capita),EN.ATM.CO2E.PC,2009,7.574622131
293,Greece,GRC,CO2 emissions (metric tons per capita),EN.ATM.CO2E.PC,2009,8.277892345
294,Croatia,HRV,CO2 emissions (metric tons per capita),EN.ATM.CO2E.PC,2009,4.778855554
295,Hungary,HUN,CO2 emissions (metric tons per capita),EN.ATM.CO2E.PC,2009,4.840111448
296,Ireland,IRL,CO2 emissions (metric tons per capita),EN.ATM.CO2E.PC,2009,8.889010942
297,Italy,ITA,CO2 emissions (metric tons per capita),EN.ATM.CO2E.PC,2009,6.795651486
298,Lithuania,LTU,CO2 emissions (metric tons per capita),EN.ATM.CO2E.PC,2009,3.958100057
299,Luxembourg,LUX,CO2 emissions (metric tons per capita),EN.ATM.CO2E.PC,2009,20.87712517
300,Latvia,LVA,CO2 emissions (metric tons per capita),EN.ATM.CO2E.PC,2009,3.376490018
301,Malta,MLT,CO2 emissions (metric tons per capita),EN.ATM.CO2E.PC,2009,5.814186003
302,Netherlands,NLD,CO2 emissions (metric tons per capita),EN.ATM.CO2E.PC,2009,10.42752306
303,Poland,POL,CO2 emissions (metric tons per capita),EN.ATM.CO2E.PC,2009,7.800914342
304,Portugal,PRT,CO2 emissions (metric tons per capita),EN.ATM.CO2E.PC,2009,5.126323978
305,Romania,ROU,CO2 emissions (metric tons per capita),EN.ATM.CO2E.PC,2009,4.005210952
306,Slovak Republic,SVK,CO2 emissions (metric tons per capita),EN.ATM.CO2E.PC,2009,6.319073237
307,Slovenia,SVN,CO2 emissions (metric tons per capita),EN.ATM.CO2E.PC,2009,7.491602314
308,Sweden,SWE,CO2 emissions (metric tons per capita),EN.ATM.CO2E.PC,2009,4.63141136
309,Austria,AUT,CO2 emissions (metric tons per capita),EN.ATM.CO2E.PC,2010,8.071131802
310,Belgium,BEL,CO2 emissions (metric tons per capita),EN.ATM.CO2E.PC,2010,10.17146522
311,Bulgaria,BGR,CO2 emissions (metric tons per capita),EN.ATM.CO2E.PC,2010,5.964900206
312,Cyprus,CYP,CO2 emissions (metric tons per capita),EN.ATM.CO2E.PC,2010,6.927903563
313,Czech Republic,CZE,CO2 emissions (metric tons per capita),EN.ATM.CO2E.PC,2010,10.65257862
314,Germany,DEU,CO2 emissions (metric tons per capita),EN.ATM.CO2E.PC,2010,9.279634012
315,Denmark,DNK,CO2 emissions (metric tons per capita),EN.ATM.CO2E.PC,2010,8.40721667
316,Spain,ESP,CO2 emissions (metric tons per capita),EN.ATM.CO2E.PC,2010,5.816416366
317,Estonia,EST,CO2 emissions (metric tons per capita),EN.ATM.CO2E.PC,2010,13.59968907
318,Finland,FIN,CO2 emissions (metric tons per capita),EN.ATM.CO2E.PC,2010,11.57528165
319,France,FRA,CO2 emissions (metric tons per capita),EN.ATM.CO2E.PC,2010,5.428980862
320,United Kingdom,GBR,CO2 emissions (metric tons per capita),EN.ATM.CO2E.PC,2010,7.857836486
321,Greece,GRC,CO2 emissions (metric tons per capita),EN.ATM.CO2E.PC,2010,7.540183868
322,Croatia,HRV,CO2 emissions (metric tons per capita),EN.ATM.CO2E.PC,2010,4.566131051
323,Hungary,HUN,CO2 emissions (metric tons per capita),EN.ATM.CO2E.PC,2010,5.022311649
324,Ireland,IRL,CO2 emissions (metric tons per capita),EN.ATM.CO2E.PC,2010,8.783613934
325,Italy,ITA,CO2 emissions (metric tons per capita),EN.ATM.CO2E.PC,2010,6.83837457
326,Lithuania,LTU,CO2 emissions (metric tons per capita),EN.ATM.CO2E.PC,2010,4.348616303
327,Luxembourg,LUX,CO2 emissions (metric tons per capita),EN.ATM.CO2E.PC,2010,21.6351358
328,Latvia,LVA,CO2 emissions (metric tons per capita),EN.ATM.CO2E.PC,2010,3.849593455
329,Malta,MLT,CO2 emissions (metric tons per capita),EN.ATM.CO2E.PC,2010,6.174949579
330,Netherlands,NLD,CO2 emissions (metric tons per capita),EN.ATM.CO2E.PC,2010,11.01707086
331,Poland,POL,CO2 emissions (metric tons per capita),EN.ATM.CO2E.PC,2010,8.313376825
332,Portugal,PRT,CO2 emissions (metric tons per capita),EN.ATM.CO2E.PC,2010,4.552752646
333,Romania,ROU,CO2 emissions (metric tons per capita),EN.ATM.CO2E.PC,2010,3.922213561
334,Slovak Republic,SVK,CO2 emissions (metric tons per capita),EN.ATM.CO2E.PC,2010,6.721959562
335,Slovenia,SVN,CO2 emissions (metric tons per capita),EN.ATM.CO2E.PC,2010,7.485854369
336,Sweden,SWE,CO2 emissions (metric tons per capita),EN.ATM.CO2E.PC,2010,5.547348052
337,Austria,AUT,CO2 emissions (metric tons per capita),EN.ATM.CO2E.PC,2011,7.748134305
338,Belgium,BEL,CO2 emissions (metric tons per capita),EN.ATM.CO2E.PC,2011,9.046560547
339,Bulgaria,BGR,CO2 emissions (metric tons per capita),EN.ATM.CO2E.PC,2011,6.71538056
340,Cyprus,CYP,CO2 emissions (metric tons per capita),EN.ATM.CO2E.PC,2011,6.60156823
341,Czech Republic,CZE,CO2 emissions (metric tons per capita),EN.ATM.CO2E.PC,2011,10.18548225
342,Germany,DEU,CO2 emissions (metric tons per capita),EN.ATM.CO2E.PC,2011,9.12485921
343,Denmark,DNK,CO2 emissions (metric tons per capita),EN.ATM.CO2E.PC,2011,7.296383208
344,Spain,ESP,CO2 emissions (metric tons per capita),EN.ATM.CO2E.PC,2011,5.788018458
345,Estonia,EST,CO2 emissions (metric tons per capita),EN.ATM.CO2E.PC,2011,14.01673297
346,Finland,FIN,CO2 emissions (metric tons per capita),EN.ATM.CO2E.PC,2011,10.54447474
347,France,FRA,CO2 emissions (metric tons per capita),EN.ATM.CO2E.PC,2011,5.077911491
348,United Kingdom,GBR,CO2 emissions (metric tons per capita),EN.ATM.CO2E.PC,2011,7.079297626
349,Greece,GRC,CO2 emissions (metric tons per capita),EN.ATM.CO2E.PC,2011,7.189762915
350,Croatia,HRV,CO2 emissions (metric tons per capita),EN.ATM.CO2E.PC,2011,4.627629816
351,Hungary,HUN,CO2 emissions (metric tons per capita),EN.ATM.CO2E.PC,2011,4.797900003
352,Ireland,IRL,CO2 emissions (metric tons per capita),EN.ATM.CO2E.PC,2011,7.77982216
353,Italy,ITA,CO2 emissions (metric tons per capita),EN.ATM.CO2E.PC,2011,6.702557614
354,Lithuania,LTU,CO2 emissions (metric tons per capita),EN.ATM.CO2E.PC,2011,4.553301311
355,Luxembourg,LUX,CO2 emissions (metric tons per capita),EN.ATM.CO2E.PC,2011,21.10296963
356,Latvia,LVA,CO2 emissions (metric tons per capita),EN.ATM.CO2E.PC,2011,3.541113332
357,Malta,MLT,CO2 emissions (metric tons per capita),EN.ATM.CO2E.PC,2011,6.104795468
358,Netherlands,NLD,CO2 emissions (metric tons per capita),EN.ATM.CO2E.PC,2011,10.4335386
359,Poland,POL,CO2 emissions (metric tons per capita),EN.ATM.CO2E.PC,2011,8.328175875
360,Portugal,PRT,CO2 emissions (metric tons per capita),EN.ATM.CO2E.PC,2011,4.510827218
361,Romania,ROU,CO2 emissions (metric tons per capita),EN.ATM.CO2E.PC,2011,4.212926221
362,Slovak Republic,SVK,CO2 emissions (metric tons per capita),EN.ATM.CO2E.PC,2011,6.395396289
363,Slovenia,SVN,CO2 emissions (metric tons per capita),EN.ATM.CO2E.PC,2011,7.350637628
364,Sweden,SWE,CO2 emissions (metric tons per capita),EN.ATM.CO2E.PC,2011,5.474957121
365,Austria,AUT,CO2 emissions (metric tons per capita),EN.ATM.CO2E.PC,2012,7.387077163
366,Belgium,BEL,CO2 emissions (metric tons per capita),EN.ATM.CO2E.PC,2012,8.546478214
367,Bulgaria,BGR,CO2 emissions (metric tons per capita),EN.ATM.CO2E.PC,2012,6.119456526
368,Cyprus,CYP,CO2 emissions (metric tons per capita),EN.ATM.CO2E.PC,2012,6.096256416
369,Czech Republic,CZE,CO2 emissions (metric tons per capita),EN.ATM.CO2E.PC,2012,9.611985879
370,Germany,DEU,CO2 emissions (metric tons per capita),EN.ATM.CO2E.PC,2012,9.199299757
371,Denmark,DNK,CO2 emissions (metric tons per capita),EN.ATM.CO2E.PC,2012,6.514800847
372,Spain,ESP,CO2 emissions (metric tons per capita),EN.ATM.CO2E.PC,2012,5.660938803
373,Estonia,EST,CO2 emissions (metric tons per capita),EN.ATM.CO2E.PC,2012,13.32400037
374,Finland,FIN,CO2 emissions (metric tons per capita),EN.ATM.CO2E.PC,2012,9.075433356
375,France,FRA,CO2 emissions (metric tons per capita),EN.ATM.CO2E.PC,2012,5.075063887
376,United Kingdom,GBR,CO2 emissions (metric tons per capita),EN.ATM.CO2E.PC,2012,7.355898277
377,Greece,GRC,CO2 emissions (metric tons per capita),EN.ATM.CO2E.PC,2012,7.247007359
378,Croatia,HRV,CO2 emissions (metric tons per capita),EN.ATM.CO2E.PC,2012,4.21645564
379,Hungary,HUN,CO2 emissions (metric tons per capita),EN.ATM.CO2E.PC,2012,4.494128944
380,Ireland,IRL,CO2 emissions (metric tons per capita),EN.ATM.CO2E.PC,2012,7.738155591
381,Italy,ITA,CO2 emissions (metric tons per capita),EN.ATM.CO2E.PC,2012,6.205413858
382,Lithuania,LTU,CO2 emissions (metric tons per capita),EN.ATM.CO2E.PC,2012,4.629509672
383,Luxembourg,LUX,CO2 emissions (metric tons per capita),EN.ATM.CO2E.PC,2012,20.08421949
384,Latvia,LVA,CO2 emissions (metric tons per capita),EN.ATM.CO2E.PC,2012,3.471747548
385,Malta,MLT,CO2 emissions (metric tons per capita),EN.ATM.CO2E.PC,2012,6.38190073
386,Netherlands,NLD,CO2 emissions (metric tons per capita),EN.ATM.CO2E.PC,2012,10.16475883
387,Poland,POL,CO2 emissions (metric tons per capita),EN.ATM.CO2E.PC,2012,7.879830064
388,Portugal,PRT,CO2 emissions (metric tons per capita),EN.ATM.CO2E.PC,2012,4.37605313
389,Romania,ROU,CO2 emissions (metric tons per capita),EN.ATM.CO2E.PC,2012,4.074315455
390,Slovak Republic,SVK,CO2 emissions (metric tons per capita),EN.ATM.CO2E.PC,2012,6.059022901
391,Slovenia,SVN,CO2 emissions (metric tons per capita),EN.ATM.CO2E.PC,2012,7.185481044
392,Sweden,SWE,CO2 emissions (metric tons per capita),EN.ATM.CO2E.PC,2012,4.942300828
393,Austria,AUT,CO2 emissions (metric tons per capita),EN.ATM.CO2E.PC,2013,7.368748145
394,Belgium,BEL,CO2 emissions (metric tons per capita),EN.ATM.CO2E.PC,2013,8.671352487
395,Bulgaria,BGR,CO2 emissions (metric tons per capita),EN.ATM.CO2E.PC,2013,5.450695963
396,Cyprus,CYP,CO2 emissions (metric tons per capita),EN.ATM.CO2E.PC,2013,5.199663256
397,Czech Republic,CZE,CO2 emissions (metric tons per capita),EN.ATM.CO2E.PC,2013,9.384891603
398,Germany,DEU,CO2 emissions (metric tons per capita),EN.ATM.CO2E.PC,2013,9.39062342
399,Denmark,DNK,CO2 emissions (metric tons per capita),EN.ATM.CO2E.PC,2013,6.862565032
400,Spain,ESP,CO2 emissions (metric tons per capita),EN.ATM.CO2E.PC,2013,5.084398353
401,Estonia,EST,CO2 emissions (metric tons per capita),EN.ATM.CO2E.PC,2013,15.09371797
402,Finland,FIN,CO2 emissions (metric tons per capita),EN.ATM.CO2E.PC,2013,8.681780123
403,France,FRA,CO2 emissions (metric tons per capita),EN.ATM.CO2E.PC,2013,5.062174035
404,United Kingdom,GBR,CO2 emissions (metric tons per capita),EN.ATM.CO2E.PC,2013,7.145844359
405,Greece,GRC,CO2 emissions (metric tons per capita),EN.ATM.CO2E.PC,2013,6.33661459
406,Croatia,HRV,CO2 emissions (metric tons per capita),EN.ATM.CO2E.PC,2013,4.123953137
407,Hungary,HUN,CO2 emissions (metric tons per capita),EN.ATM.CO2E.PC,2013,4.259659831
408,Ireland,IRL,CO2 emissions (metric tons per capita),EN.ATM.CO2E.PC,2013,7.538110297
409,Italy,ITA,CO2 emissions (metric tons per capita),EN.ATM.CO2E.PC,2013,5.732941879
410,Lithuania,LTU,CO2 emissions (metric tons per capita),EN.ATM.CO2E.PC,2013,4.273657237
411,Luxembourg,LUX,CO2 emissions (metric tons per capita),EN.ATM.CO2E.PC,2013,18.49831971
412,Latvia,LVA,CO2 emissions (metric tons per capita),EN.ATM.CO2E.PC,2013,3.518240904
413,Malta,MLT,CO2 emissions (metric tons per capita),EN.ATM.CO2E.PC,2013,5.49231748
414,Netherlands,NLD,CO2 emissions (metric tons per capita),EN.ATM.CO2E.PC,2013,10.31006279
415,Poland,POL,CO2 emissions (metric tons per capita),EN.ATM.CO2E.PC,2013,7.946282506
416,Portugal,PRT,CO2 emissions (metric tons per capita),EN.ATM.CO2E.PC,2013,4.344029312
417,Romania,ROU,CO2 emissions (metric tons per capita),EN.ATM.CO2E.PC,2013,3.550167079
418,Slovak Republic,SVK,CO2 emissions (metric tons per capita),EN.ATM.CO2E.PC,2013,6.11280356
419,Slovenia,SVN,CO2 emissions (metric tons per capita),EN.ATM.CO2E.PC,2013,6.869551393
420,Sweden,SWE,CO2 emissions (metric tons per capita),EN.ATM.CO2E.PC,2013,4.671420785
421,Austria,AUT,CO2 emissions (metric tons per capita),EN.ATM.CO2E.PC,2014,6.86986793
422,Belgium,BEL,CO2 emissions (metric tons per capita),EN.ATM.CO2E.PC,2014,8.328159898
423,Bulgaria,BGR,CO2 emissions (metric tons per capita),EN.ATM.CO2E.PC,2014,5.871615869
424,Cyprus,CYP,CO2 emissions (metric tons per capita),EN.ATM.CO2E.PC,2014,5.260352041
425,Czech Republic,CZE,CO2 emissions (metric tons per capita),EN.ATM.CO2E.PC,2014,9.165978376
426,Germany,DEU,CO2 emissions (metric tons per capita),EN.ATM.CO2E.PC,2014,8.889370395
427,Denmark,DNK,CO2 emissions (metric tons per capita),EN.ATM.CO2E.PC,2014,5.935712482
428,Spain,ESP,CO2 emissions (metric tons per capita),EN.ATM.CO2E.PC,2014,5.033824487
429,Estonia,EST,CO2 emissions (metric tons per capita),EN.ATM.CO2E.PC,2014,14.84881917
430,Finland,FIN,CO2 emissions (metric tons per capita),EN.ATM.CO2E.PC,2014,8.660721243
431,France,FRA,CO2 emissions (metric tons per capita),EN.ATM.CO2E.PC,2014,4.573182147
432,United Kingdom,GBR,CO2 emissions (metric tons per capita),EN.ATM.CO2E.PC,2014,6.49744049
433,Greece,GRC,CO2 emissions (metric tons per capita),EN.ATM.CO2E.PC,2014,6.180337268
434,Croatia,HRV,CO2 emissions (metric tons per capita),EN.ATM.CO2E.PC,2014,3.973804906
435,Hungary,HUN,CO2 emissions (metric tons per capita),EN.ATM.CO2E.PC,2014,4.265574976
436,Ireland,IRL,CO2 emissions (metric tons per capita),EN.ATM.CO2E.PC,2014,7.313939808
437,Italy,ITA,CO2 emissions (metric tons per capita),EN.ATM.CO2E.PC,2014,5.270866786
438,Lithuania,LTU,CO2 emissions (metric tons per capita),EN.ATM.CO2E.PC,2014,4.378090123
439,Luxembourg,LUX,CO2 emissions (metric tons per capita),EN.ATM.CO2E.PC,2014,17.36212137
440,Latvia,LVA,CO2 emissions (metric tons per capita),EN.ATM.CO2E.PC,2014,3.498192882
441,Malta,MLT,CO2 emissions (metric tons per capita),EN.ATM.CO2E.PC,2014,5.400613957
442,Netherlands,NLD,CO2 emissions (metric tons per capita),EN.ATM.CO2E.PC,2014,9.920138075
443,Poland,POL,CO2 emissions (metric tons per capita),EN.ATM.CO2E.PC,2014,7.517151585
444,Portugal,PRT,CO2 emissions (metric tons per capita),EN.ATM.CO2E.PC,2014,4.331554028
445,Romania,ROU,CO2 emissions (metric tons per capita),EN.ATM.CO2E.PC,2014,3.516153691
446,Slovak Republic,SVK,CO2 emissions (metric tons per capita),EN.ATM.CO2E.PC,2014,5.661581328
447,Slovenia,SVN,CO2 emissions (metric tons per capita),EN.ATM.CO2E.PC,2014,6.213686845
448,Sweden,SWE,CO2 emissions (metric tons per capita),EN.ATM.CO2E.PC,2014,4.478182178
